26.2523	63.8506	-65.9000	59.7000	Merchant Cellar to High Mountain Valley
12.4438	2.3266	12.1621	2.3733	Four Towers Entrance
12.1211	2.3386	12.3625	2.0650	Four Towers Exit
36.6811	29.0643	29.7494	26.4513	Bandit Camp to Glenden Wood
-8.1211	74.4745	-39.7481	-54.0676	Portal to East Direlands Swamps
-65.1792	60.4000	-5.6358	39.9621	Portal to Desert Ridge Border
-66.1	60.1	-61.9	82.5	High Mountain Valley to Mayoi
42.4583	60.5124	64.9521	49.3204	Portal to Bandit Castle
57.5695	37.6445	22.1000	36.5000	Colier to Holtburg
59.7182	-4.0369	32.7929	34.6850	Portal to Hilltop
52.1581	3.0074	25.3000	47.7000	Northern Pass to Cragstone
68.9160	-21.3378	22.5763	37.2254	Stonehold to Homeland
22.2100	51.9067	25.3442	49.9854	Isle of Tears to Cragstone
-21.5631	-74.5222	-24.0160	-57.7945	Walled Fort to Accursed Halls
-24.0744	-57.7308	-21.5462	-74.5987	Accursed Halls to Walled Fort
-62.6408	-50.1783	-27.9246	68.3837	Wai Jhou to Sho Roadside
-62.1930	77.0938	-84.3000	-34.7000	Portal to South Direlands
68.6280	-23.2800	71.6000	-29.7781	Portal to A Bit More Westward
-83.5220	47.1301	-27.9246	68.3837	Kara to Sho Roadside
20.9247	25.9248	24.4479	-53.8454	Portal to the North Direlands
64.9	49.4	42.3	60.5	Portal to Eotensfang
34.8852	56.0066	40.9842	56.0321	Arwic to Mountain Shortcut
40.9336	55.7889	33.3000	57.1000	Mountain Shortcut to Arwic
-83.6029	-34.6315	-62.7000	81.5000	South Direlands to Mayoi
54.4001	-4.1277	-62.7000	81.5000	Hidden Valley to Mayoi
54.3368	-4.1990	-5.6358	39.9621	Hidden Valley to Desert Ridge Border
54.2234	-4.0980	41.6000	33.7000	Hidden Valley to Holtburg
-61.8714	40.0171	-65.1975	60.3179	Ancient Town to High Mountain Valley
-61.8000	40.0208	22.5763	37.2254	Ancient Town to Heartland
-82.4821	-45.6000	14.3000	1.3000	South Direlands to Zaikhal
-31.4015	36.9803	22.5763	37.2254	Desert Archmage to the Heartland
23.5898	-7.7097	-38.6000	82.1000	Wilderness Fort to Hebian-To
23.5898	-7.7097	14.3000	1.3000	Wilderness Fort to Zaikhal
44.3679	-43.4962	45.2973	-44.2637	Portal to Plateau Base
45.2642	-44.2272	44.4051	-43.4954	Portal to Plateau Top
64.9208	13.6000	-27.9246	68.3837	Portal to Sho Roadside
64.7792	13.5000	32.7929	34.6850	Crater to Hilltop
25.2333	49.8883	22.5471	51.9175	Cragstone to Isle of Tears
-11.2792	37.5000	-2.3000	63.3000	Portal to Riverbend
-11.4268	37.5000	-4.6867	-3.0704	Portal to North Desert Edge
-11.2004	37.4039	-5.6358	39.9621	Portal to Desert Ridge Border
61.6349	-10.1827	-4.6867	-3.0704	Portal to North Desert Edge
61.3823	-10.1980	24.4479	-53.8454	Portal to the North Direlands
-62.2059	-50.5428	-62.3621	-52.3008	Black Hill Portal
-62.0618	-50.3634	-62.0037	-50.0217	Small Hill Base Portal
-70.9801	52.2990	-21.9000	-2.2000	High Mountain Valley to Yaraq
-61.9158	40.1869	32.7929	34.6850	Ancient Town to Hilltop
19.6	-3.2	-4.7	-3.1	Gharu'ndim Outpost to North Desert Edge
61.6837	48.5552	-72.5104	81.2996	Portal to Vesayen Isles
-72.3597	82.1660	18.4700	65.8171	Portal to Eastham Beach
-72.1724	90.6349	17.5625	19.6000	Desert Northern Edge Portal
72.1690	-35.6000	-88.3073	-64.5019	Direland Midlands Portal
84.1083	47.2000	5.5333	-87.5083	Aerlinthe to Northwest Direlands
-18.6710	6.8277	56.7525	12.9383	Southern Mount Esper Portal
28.8188	6.6786	55.8654	-52.2383	Portal to Rivermouth
-45.9046	90.8070	93.5242	7.7004	Portal to Northern Point
79.9345	-15.2168	5.5333	-87.5083	Portal to the Northwest Direlands
-74.1631	-52.3922	-49.2000	-63.5000	South Rim to Direlands Valley
-74.1631	-52.3922	5.8000	-91.0000	South Rim to Direlands NW Shore
1.7198	-71.4711	32.7929	34.6850	Portal to Hilltop
3.8862	-72.4844	3.9854	-73.6925	Portal to Lighthouse
-80.5719	-37.4326	-0.4000	-80.1000	Portal to Slaughterhouse
-63.2	-56.7	-83.3	-19.2	Portal to Direlands South Landbridge
-60	-59.7	-70.9	-36.3	Portal to Direlands Southeast Shore
29.4	-52.2	44.5	-43.1	West Coast to Plateau Village
44.4950	-41.7763	50.4804	-68.1513	Northern Manumet Plains Portal
23.9275	-28.0266	56.1446	-75.2438	Central Tuatara Plains Portal
38.2620	-75.5145	42.0796	33.6000	Holtburg Portal
47.3635	-88.8843	38.1000	-75.9000	Bluespire Portal
40.9600	-83.5620	52.1246	-86.1550	Northern Ahurenga Plains Portal
40.4950	-83.7063	-52.1928	82.4540	Nanto Portal
42.0391	-77.6002	42.1800	-77.6221	Marescent Plateau Portal
42.5110	-67.4911	-22.2000	-2.1000	Yaraq Portal
55.9263	-75.0215	38.1054	-77.7158	Karab Delta Portal
40.2358	35.1072	61.1000	31.2000	Holtburg to New Colier Cottages Portal
40.2358	35.1072	43.9000	18.4000	Holtburg to Woodsbane Cottages Portal
40.2358	35.1072	50.3000	35.3000	Holtburg to Mountain Keep Cottages Portal
40.2358	35.1072	40.7391	47.2032	Holtburg to Holtburg Wilderness Cottages Portal
-33.5688	13.1653	-33.2000	9.8000	Al-Arqas to Al-Kasan Settlement
-33.5688	13.1653	-37.9000	16.0000	Al-Arqas to Monument Sands Settlement
-33.5688	13.1653	-34.5000	18.1000	Al-Arqas to Al-Hatar Settlement
-33.5688	13.1653	-24.7000	15.2000	Al-Arqas to Arqasanti
5.7014	4.3379	4.3000	12.3000	Al-Jalima to Musansayn
5.7014	4.3379	12.4270	5.6383	Al-Jalima to Four Towers Settlement
32.9058	59.3604	32.9000	48.4000	Arwic to East Span Way Settlement Portal
32.9058	59.3604	28.7000	59.7000	Arwic to Southeast Arwic Settlement Portal
32.9058	59.3604	30.1257	65.8106	Arwic to Cape Feirgard Cottages Portal
32.9058	59.3604	52.0000	64.0000	Arwic to Sennon Valley Retreat Portal
26.1635	46.2987	14.1000	37.8000	Cragstone to Forgotten Hills
26.1635	46.2987	17.4000	48.7000	Cragstone to South Victory Harbor
26.1635	46.2987	20.1423	43.5672	Cragstone to Cragstone Farms
66.2972	14.3387	72.5000	28.0000	Crater to East Esper Valley Portal
66.2972	14.3387	70.8712	22.9568	Crater to Neydisa Village Portal
66.2972	14.3387	56.7000	20.2000	Crater to Prosper River Headwaters Portal
66.2972	14.3387	87.6000	14.5000	Crater to Pavanne Vale Freehold Portal
66.2972	14.3387	86.7000	29.4000	Crater to Celdiseths Beach Settlement Portal
17.4640	61.4664	19.9344	57.3041	Eastham to Strathelar`s Watch Cottages
17.4640	61.4664	22.9000	60.3000	Eastham to North Eastham Meadow
17.4640	61.4664	13.4000	63.4000	Eastham to Filos` Font Cottages
17.4640	61.4664	16.7000	57.3000	Eastham to Lake Blessed Cottages
27.8986	29.5387	34.5000	22.5000	Glenden Wood to Mountain Ridge Abodes
27.8986	29.5387	22.7000	22.7000	Glenden Wood to Zabool Overlook Settlement
27.8986	29.5387	35.0000	26.8000	Glenden Wood to Glenden Hills North Settlement
27.8986	29.5387	32.1736	31.0168	Glenden Wood to Glenden Hills East Settlement
27.8986	29.5387	32.5000	18.5000	Glenden Wood to Eaves of Tiofor Settlement
27.8986	29.5387	34.1000	13.5000	Glenden Wood to Whispering Pines Cottages
-41.4841	82.1274	-20.3000	78.5000	Hebian-To to Bluewater Cottages
-41.4841	82.1274	-43.1000	87.2000	Hebian-To to Southwest Hebian-To Settlement
-41.4841	82.1274	-44.0000	80.4000	Hebian-To to South Hebian-To Cottages
-41.4841	82.1274	-40.8000	76.6000	Hebian-To to Shian-To Cottages
40.2358	35.1072	48.0000	29.2000	Holtburg to Lilyglen Cottages Portal
-82.8998	48.1680	75.6119	52.1823	Kara to Norstead Portal
-82.8998	48.1680	-81.5000	51.6000	Kara to Ishilai Inlet Settlement Portal
-82.8998	48.1680	-80.6000	56.0000	Kara to South Adjamaer Cottages Portal
-82.8998	48.1680	-76.0000	53.6000	Kara to North Adjamaer Cottages Portal
-82.8998	48.1680	-71.8000	47.3000	Kara to Yukikaze Portal
-49.3916	26.0387	-38.7000	39.3000	Khayyaban to Taklihuan Settlement
-49.3916	26.0387	-50.4964	11.6791	Khayyaban to Serpent Hills Settlement
-49.3916	26.0387	-52.6000	27.7000	Khayyaban to South Khayyaban Cottages
-49.3916	26.0387	-47.5000	19.9000	Khayyaban to Dunes End Cottages
-49.3916	26.0387	-54.7000	40.2000	Khayyaban to Spire Hills Settlement
-60.7630	80.3012	-74.5000	65.9000	Mayoi to Lugian Meadows Settlement
-60.7630	80.3012	-68.0326	78.0139	Mayoi to Vesayan Overlook
-60.7630	80.3012	-49.4000	84.8000	Mayoi to Meditation Meadow
2.2363	50.3644	-8.9000	64.5000	Lytelthorpe to Maedew
45.4003	-42.2603	35.8000	-39.1000	Plateau to Plateau Hollow Settlement
45.4003	-42.2603	53.1700	-36.2027	Plateau to Lithaenean Cottages
45.4003	-42.2603	57.5000	-52.8000	Plateau to Adams` Beach Portal
-74.8366	17.7926	-89.4625	30.9715	Qalaba'r to Brigands Bay Settlement
8.6607	60.9054	-0.4000	68.2000	Rithwic to Siege Road Settlement
8.6607	60.9054	6.3000	62.9000	Rithwic to Gaerwel Edge Settlement
8.6607	60.9054	6.7000	54.7000	Rithwic to Meridian Cottages
8.6607	60.9054	12.9371	52.9113	Rithwic to Leafdawning Settlement
-0.8668	18.9927	-7.0000	22.3000	Samsur to Janaa Ridge Settlement
-0.8668	18.9927	1.6000	36.1000	Samsur to Adventurer`s Haven Cottages Portal
-0.8668	18.9927	-12.0342	23.5645	Samsur to Yushad Ridge Cottages
-0.8668	18.9927	-6.5000	15.5000	Samsur to Samsur Butte Cottages
-27.1844	59.8904	-27.8000	46.8000	Sawato to Blackmire Edge Cottages Portal
-27.1844	59.8904	-27.0000	43.3000	Sawato to Jinianshi Portal
-27.1844	59.8904	-27.6000	63.9000	Sawato to East Sawato Settlement Portal
-27.1844	59.8904	-31.7311	63.3265	Sawato to Sawato Foothills Settlement Portal
-27.1844	59.8904	-30.8000	53.5000	Sawato to East Sawato Cottages Portal
-27.1844	59.8904	-39.0000	55.4000	Sawato to Ayn Tayan Portal
-31.3346	72.6050	-29.3000	70.0000	Shoushi to Chi Zou Cottages Portal
-31.3346	72.6050	-28.2000	75.1000	Shoushi to Aimaru Plains Cottages Portal
-31.3346	72.6050	-22.2000	73.5000	Shoushi to Mosswart Place Cottages Portal
69.5977	-20.1610	62.8000	-0.1000	Stonehold to Lake Nemuel Settlement
69.5977	-20.1610	77.8000	-44.2000	Stonehold to Woodshore Cottages
69.5977	-20.1610	76.7089	-36.1049	Stonehold to Sonel
69.5977	-20.1610	82.4000	-43.5000	Stonehold to Desolation Beach
-30.4920	94.5223	-12.8000	77.2000	Tou-Tou to Dryreach Beach Cottages Portal
-30.4920	94.5223	-16.7000	77.1000	Tou-Tou to Ariake Portal
-30.4920	94.5223	-38.4000	92.1000	Tou-Tou to Tou-Tou Penninsula Cottages Portal
-22.3390	0.2219	-7.1000	-2.7000	Yaraq to Aqalah Portal
-22.3390	0.2219	-26.6278	1.5080	Yaraq to South Yaraq Cottages Portal
-22.3390	0.2219	-25.4000	10.4000	Yaraq to Wi Badlands Settlement Portal
-22.3390	0.2219	-33.0000	4.5000	Yaraq to Ijaniya Portal
-10.3200	45.6152	-9.0000	41.8000	Yanshi to Liang Chi Settlement Portal
-10.3200	45.6152	-12.1000	63.5000	Yanshi to Broadacre Cottages Portal
-10.3200	45.6152	-15.9000	60.7000	Yanshi to Imuth Maer Cottages Portal
-10.3200	45.6152	-23.8648	44.4151	Yanshi to Swamp Temple Place Portal
-10.3200	45.6152	-19.0000	44.4000	Yanshi to Yanshi Namoon North Portal
-10.3200	45.6152	-15.2000	41.0000	Yanshi to Faranar Foothills Portal
12.7365	-1.6995	18.8000	4.2000	Zaikhal to New Suntik
12.7365	-1.6995	30.8895	9.0357	Zaikhal to Majestic Hill Cottages
12.7365	-1.6995	25.5000	6.7000	Zaikhal to Maitland
12.7365	-1.6995	19.2000	-18.3000	Zaikhal to Sanai
12.7365	-1.6995	40.7000	-5.5000	Zaikhal to Tiofor Deeps
-50.1211	63.4984	-44.9693	63.2979	Baishi to North Baishi Cottages
-50.1211	63.4984	-49.7000	40.2000	Baishi to Oboro
-24.9031	29.8116	-25.9006	22.7284	Uziz to West Uziz Settlement Portal
-24.9031	29.8116	-23.0000	37.2000	Uziz to Arida Butte Portal
-24.9031	29.8116	-16.9000	37.2000	Uziz to Broken Sword Bethel Settlement Portal
-24.9031	29.8116	-19.5000	32.9000	Uziz to Narziz Cottages Portal
-24.9031	29.8116	-21.9000	29.9000	Uziz to North Uziz Settlement Portal
-72.6761	14.0134	-5.6358	39.9621	Desert Ridge Border
-72.5981	13.7856	32.7929	34.6850	Portal to Hilltop
40.2358	35.1072	46.5000	40.5000	Holtburg to West Holtburg Villas Portal
27.8986	29.5387	63.2000	16.9000	Glenden Wood to Highland Manors
45.4003	-42.2603	51.6000	-50.2000	Plateau to Rivermouth Villas
32.9058	59.3604	35.6000	65.5000	Arwic to South Beach Pass Villas Portal
32.9058	59.3604	54.4000	59.5000	Arwic to Far Claw Villas Portal
40.1333	-76.0718	46.0858	-89.7708	Ahurenga Portal
44.2	-78.4	44.1	-78.3	Aun Firanauri the Gate Keeper
42.2658	-77.8710	42.0354	-77.8079	Base of the Cliffs Portal
44.0625	-77.7978	43.9046	-77.7058	Base of the Timaru Plateau Portal
40.5815	-82.4093	43.2107	-66.8043	Greenspire Portal
40.0263	-74.5071	50.4804	-68.1513	Northern Manumet Plains Portal
-62.0061	-50.0404	-62.1250	-50.4458	Small Black Hill Portal
34.9038	54.5051	21.3000	53.9000	Abandoned Mines to Underground City
69.5977	-20.1610	78.1000	-16.9000	Stonehold to Dires' Doors Estates
-33.5663	13.1148	-29.5000	18.8000	Al-Arqas to Dry Bone Manors
-33.5663	13.1148	-44.0000	8.7000	Al-Arqas to Pillars-on-the-Sea Cottages
5.7014	4.3379	41.3000	15.6000	Al-Jalima to Bucolic Villas
5.7014	4.3379	-0.6000	-1.2000	Al-Jalima to Midsong Cottages
5.7014	4.3379	-0.1000	8.5000	Al-Jalima to Jackcat Canyon
5.7014	4.3379	11.1000	23.5000	Al-Jalima to Dillo Butte Settlement
-50.1211	63.4984	-47.9000	51.1000	Baishi to Ring of Crystals Estates
-50.1211	63.4984	-52.8000	52.9000	Baishi to Mage`s Pass
-50.1211	63.4984	-49.8000	56.8000	Baishi to West Baishi Settlement
-50.1211	63.4984	-45.6000	59.2000	Baishi to Jai-Tan Dale
-50.1211	63.4984	-60.0000	44.4000	Baishi to Tattered Ridge
-50.1211	63.4984	-45.8000	67.2000	Baishi to Tanshi
26.1635	46.2987	52.6000	28.0000	Cragstone to Ispan Hills
26.1635	46.2987	73.1000	61.0000	Cragstone to Haliana
17.4640	61.4664	-3.9000	76.3000	Eastham to Dryreach Beach Manors
17.4640	61.4664	47.4000	69.6000	Eastham to Beach Pass Villas
27.8986	29.5387	25.8000	30.0000	Glenden Wood to Iceea Hills Estates
27.8986	29.5387	75.4000	40.1000	Glenden Wood to West Norstead
-41.4841	82.1274	-44.6000	75.3000	Hebian-To to Sai-Nan
-41.4841	82.1274	-40.6195	69.3352	Hebian-To to South Shoushi Villas
-49.3916	26.0387	-60.9000	24.9000	Khayyaban to Brigand Sands Cottages
-49.3916	26.0387	-51.1000	36.2000	Khayyaban to Kanasa
-49.3916	26.0387	-56.9000	32.2000	Khayyaban to Plainsview Cottages
-49.3916	26.0387	-41.2000	26.8000	Khayyaban to Bhah Dhah Villas
2.2363	50.3644	6.4000	49.0000	Lytelthorpe to North Lytelthorpe Villas
2.2363	50.3644	-3.5000	64.7000	Lytelthorpe to Riverbend Cottages
2.2363	50.3644	-7.1000	56.9000	Lytelthorpe to Neu Gerz Villas
2.2363	50.3644	5.7000	36.9000	Lytelthorpe to Enchanter's Meadow
8.6607	60.9054	3.2000	60.1000	Rithwic to Slinker Meadows
8.6607	60.9054	3.0000	65.7000	Rithwic to Siege Road Villas
8.6607	60.9054	10.4000	66.3000	Rithwic to East Rithwic Estates
8.6607	60.9054	11.9000	48.1000	Rithwic to West Rithwic Estates
-0.8668	18.9927	-9.0000	24.8000	Samsur to Cactus Acres
-0.8668	18.9927	7.4000	24.6000	Samsur to Greenswath
-0.8668	18.9927	5.7000	30.8000	Samsur to Sand`s Edge
-0.8668	18.9927	4.6000	20.7000	Samsur to Nal Wadi Cottages
-0.8668	18.9927	5.0000	16.2000	Samsur to Stone Scar Settlement
-0.8668	18.9927	-9.5000	33.3000	Samsur to Yinar
-0.8668	18.9927	-9.4000	11.4000	Samsur to Naqut Dreams Villas
-74.8366	17.7926	-63.1000	35.4000	Qalaba`r to Ro-Nan
-74.8366	17.7926	-67.6000	14.6000	Qalaba`r to Qalaba`r Seaside Villas
-74.8366	17.7926	-60.5000	18.5000	Qalaba`r to Villalabar
-74.8366	17.7926	-66.4000	21.8000	Qalaba`r to Qalabar Oasis Settlement
-74.8366	17.7926	-81.9000	17.1000	Qalaba`r to Simda`r Villas
-27.1844	59.8904	-21.9000	65.6000	Sawato to Sclavavania Portal
-27.1844	59.8904	-15.8000	72.9000	Sawato to Narsys Portal
-27.1844	59.8904	-21.6000	60.9000	Sawato to Mire Hill Portal
-27.1844	59.8904	-19.8000	55.9000	Sawato to North Sawato Villas Portal
-31.3346	72.6050	-36.6612	68.5403	Shoushi to Shou-Zin Portal
-24.9031	29.8116	-9.6000	4.6000	Uziz to Arrak Portal
-24.9031	29.8116	-0.2000	30.4000	Uziz to Charbone Ridge Portal
-22.3390	0.2219	-15.0000	-2.7000	Yaraq to North Yaraq Villas Portal
-10.3200	45.6152	-14.6000	66.4000	Yanshi to Crescent Lane Cottages Portal
-10.3200	45.6152	93.9000	-5.9000	Yanshi to Northwater Cottages Portal
-10.3200	45.6152	-21.9000	41.0000	Yanshi to West Yanshi Namoon Portal
-10.3200	45.6152	-15.1000	55.6000	Yanshi to Snakehead Portal
-10.3200	45.6152	31.3000	36.2000	Yanshi to Taralla Portal
12.7365	-1.6995	22.1000	0.7000	Zaikhal to Helms Villas
12.7365	-1.6995	15.0000	-6.4000	Zaikhal to Sharvale
12.7365	-1.6995	24.9000	-23.9000	Zaikhal to East Danby
45.4003	-42.2603	51.9000	-45.6000	Plateau to Auralla Settlement
45.4003	-42.2603	76.0000	35.3000	Plateau to Zatara
45.4003	-42.2603	23.1000	-54.2000	Plateau to Dire's Edge
66.2972	14.3387	71.1000	43.7000	Crater to Bandit Road Villas Portal
66.2972	14.3387	78.3000	1.0000	Crater to Stone Triad Dell Portal
66.2972	14.3387	77.6000	6.4000	Crater to Frosty Dale Cottages Portal
66.2972	14.3387	80.0000	11.3000	Crater to Greenvale Settlement Portal
-82.8998	48.1680	-84.7000	51.5000	Kara to Ishilai Inlet Villas Portal
-54.5754	62.6994	-86.1904	39.6042	South Shore Heights Portal
-33.5663	13.1148	-12.1000	14.4000	Al-Arqas to Al-Nosaj
-33.5663	13.1148	-14.5000	9.6000	Al-Arqas to Bleached Skull Wastes Settlement
-33.5663	13.1148	-15.2000	13.7000	Al-Arqas to Desert Mirage Cottages
-33.5663	13.1148	28.2000	-25.4000	Al-Arqas to Tarn Vinara Villas
-33.5663	13.1148	-22.3000	11.1000	Al-Arqas to Djinaya Wind Cottages
-33.5663	13.1148	-21.6000	15.2000	Al-Arqas to Hamud Cottages
5.7014	4.3379	24.1000	-19.1000	Al-Jalima to Fearnot Valley Cottages
32.9058	59.3604	40.0000	63.2000	Arwic to Lost Wish Cottages Portal
32.9058	59.3604	72.0000	52.1000	Arwic to Norvale Portal
32.9058	59.3604	53.5000	41.7000	Arwic to Bleak Valley Portal
32.9058	59.3604	68.2000	40.7000	Arwic to Alvador Portal
32.9058	59.3604	41.0000	60.7000	Arwic to Eotensfang Cottages Portal
-50.1211	63.4984	-44.7000	49.6000	Baishi to Jasmine Meadow
-50.1211	63.4984	-54.4000	43.1000	Baishi to Shara
26.1635	46.2987	19.3000	26.4000	Cragstone to Lost Realm Cottages
26.1635	46.2987	19.8000	39.1000	Cragstone to Meerthus Square
26.1635	46.2987	20.1000	33.6000	Cragstone to Solstice Hill
27.8986	29.5387	46.5000	10.6000	Glenden Wood to Firedew
27.8986	29.5387	30.6000	14.6000	Glenden Wood to Mistdweller Villas Portal
27.8986	29.5387	23.3000	26.5000	Glenden Wood to Auroch Pasture Estates
27.8986	29.5387	45.7000	14.6000	Glenden Wood to Pine Hillock Settlement
27.8986	29.5387	18.2000	22.7000	Glenden Wood to Redrock Cottages
27.8986	29.5387	14.7000	19.4000	Glenden Wood to Bellig Mesa Cottages
-41.4841	82.1274	58.6000	-41.6000	Hebian-To to Pine Deep
-41.4841	82.1274	-25.7000	79.4000	Hebian-To to Stoneport Villas
-41.4841	82.1274	-22.4000	68.7000	Hebian-To to San-Chin
-41.4841	82.1274	-45.4000	83.1000	Hebian-To to South Hebian-To Estates
8.6607	60.9054	9.6000	36.9000	Rithwic to King Pwyll Square
-27.1844	59.8904	-34.3000	52.7000	Sawato to Lo-Han Portal
-27.1844	59.8904	-35.2000	46.6000	Sawato to Zin-Dai Portal
-27.1844	59.8904	-38.2000	43.3000	Sawato to Empyrean Fields Cottages Portal
-24.9031	29.8116	-34.3000	29.3000	Uziz to South Uziz Villas Portal
-24.9031	29.8116	-13.8000	26.5000	Uziz to Vulture's Eye Villas Portal
17.4640	61.4664	7.1000	-9.1000	Eastham to Desert Boundary Cottages
17.4640	61.4664	14.6000	30.5000	Eastham to Hermit Hill Cottages
-60.7630	80.3012	96.3000	7.1000	Mayoi to Point Tremblant
-60.7630	80.3012	-62.3000	68.9000	Mayoi to Font Alpa
-60.7630	80.3012	-61.1000	73.7000	Mayoi to West Mayoi Mountain Villas
-60.7630	80.3012	-78.4000	60.2000	Mayoi to Xinh
-74.8366	17.7926	83.2000	35.4000	Qalaba'r to Northreach
-74.8366	17.7926	-87.2000	3.5000	Qalaba'r to Land Bridge Villas
-74.8366	17.7926	-82.4000	31.4000	Qalaba'r to Linvak Tukal Foothills Settlement
-74.8366	17.7926	-75.8000	37.0000	Qalaba`r to Southern Park
-74.8366	17.7926	-85.7000	17.0000	Qalaba`r to Stormbrow
69.5977	-20.1610	88.2000	-13.4000	Stonehold to Seaview Ridge Cottages
69.5977	-20.1610	84.0000	-1.6000	Stonehold to Wisp Lake Cottages
69.5977	-20.1610	81.0000	-11.2000	Stonehold to Lord Cambarth Villas
69.5977	-20.1610	60.2000	-23.9000	Stonehold to Verena
69.5977	-20.1610	59.3000	-19.1000	Stonehold to Hidden Valley Portal
69.5977	-20.1610	83.4000	-40.3000	Stonehold to Empyrean Shore Villas
69.5977	-20.1610	67.5000	-16.8000	Stonehold to Laiti`s Villa
69.5977	-20.1610	81.8000	-17.7000	Stonehold to Lightbringer Dale Cottages
-30.4659	94.5651	85.3350	-8.8309	Tou-Tou to Snowy Valley Portal
-30.4920	94.5223	-42.2072	90.9251	Tou-Tou to Tou-Tou Road Villas Portal
-30.4920	94.5223	-48.9000	88.5000	Tou-Tou to Nan-Zari Portal
-30.4920	94.5223	61.5000	-52.3000	Tou-Tou to Westshore Cottages Portal
-30.4920	94.5223	-46.3000	87.3000	Tou-Tou to Ong-Hau Village Portal
-24.9031	29.8116	-13.7000	17.3000	Uziz to Sand Kings Cottages Portal
-24.9031	29.8116	-16.1000	21.4000	Uziz to Djebel al-Nar Cottages Portal
-10.3200	45.6152	-31.8000	46.6000	Yanshi to Li-Po Cottages Portal
12.7365	-1.6995	9.3000	-12.7000	Zaikhal to Loredane Villas
12.7365	-1.6995	27.0000	-18.2000	Zaikhal to Embara
12.7365	-1.6995	16.9000	-9.5000	Zaikhal to West Zaikhal Freehold
12.7365	-1.6995	14.6000	22.7000	Zaikhal to Stonebend Cottages
-82.8998	48.1680	-59.9000	35.3000	Kara to Ikama Cottages Portal
-82.8998	48.1680	-72.0000	42.4000	Kara to Lake Thrasyl Cottages Portal
66.2972	14.3387	68.1000	36.7000	Crater to Bretslef Cottages Portal
66.2972	14.3387	52.4000	5.4000	Crater to Ianna Portal
66.2972	14.3387	92.2000	9.9000	Crater to Celcynd Cottages Portal
45.4003	-42.2603	48.8000	-43.9000	Plateau to Fadsahil Settlement
45.4003	-42.2603	38.5000	-12.7000	Plateau to East Morntide Villas
45.4003	-42.2603	35.2000	-36.1000	Plateau to Yee Villas
45.4003	-42.2603	47.1000	-39.3000	Plateau to Rhynntal Cottages
45.4003	-42.2603	52.1000	-39.9000	Plateau to Rahvard Square
-50.1211	63.4984	-46.6000	41.5000	Baishi to Kelnen Village
-50.1211	63.4984	-48.8000	69.7000	Baishi to Lin Kiln Park
26.1635	46.2987	17.3000	36.1000	Cragstone to Tinkelo Hold Villas
17.4640	61.4664	56.9000	-27.1000	Eastham to Asandra Cottages
17.4640	61.4664	34.7000	-49.0000	Eastham to Sliver-of-Blue Cottages
17.4640	61.4664	69.6000	60.9000	Eastham to P`rnelle Acres
17.4640	61.4664	84.9000	1.6000	Eastham to Midhill Cottages
2.2363	50.3644	5.5000	40.8000	Lytelthorpe to Osric Cottages
2.2363	50.3644	9.5000	40.7000	Lytelthorpe to Darawyll Village
2.2363	50.3644	-0.9000	39.9000	Lytelthorpe to Asbel Domain
2.2363	50.3644	-7.2000	60.5000	Lytelthorpe to Jin-Lai Stronghold
2.2363	50.3644	-1.7000	33.6000	Lytelthorpe to Devana
45.4003	-42.2603	50.3000	-26.4000	Plateau to Aloria Portal
45.4003	-42.2603	23.2000	-46.3000	Plateau to Last-Stop-Before-Dires Villas
45.4003	-42.2603	56.0000	-35.1000	Plateau to Stormtree Villas
45.4003	-42.2603	55.2000	-49.6000	Plateau to Caerlin Cottages
8.6607	60.9054	64.1000	29.5000	Rithwic to Glystaene Cottages
8.6607	60.9054	66.5000	57.6000	Rithwic to New Cannthalo
-0.8668	18.9927	-6.4000	4.2000	Samsur to Return of Mumiyah Cottages
-0.8668	18.9927	24.2000	10.5000	Samsur to Dovetail Valley Villas
-0.8668	18.9927	15.3000	26.3000	Samsur to Maythen Geroyu Villas
-0.8668	18.9927	11.0000	26.4000	Samsur to Palm-of-Stone Villas
-33.5663	13.1148	-21.7000	18.4000	Al-Arqas to Ahr-Zona
5.7014	4.3379	7.7000	17.7000	Al-Jalima to East Al-Jalima Villas
5.7014	4.3379	-54.4000	15.4000	Al-Jalima to Mahara Cottages
5.7014	4.3379	25.0000	-3.9000	Al-Jalima to Mimiana Villas
32.9058	59.3604	83.3000	28.8000	Arwic to Dagger Vale Portal
66.2972	14.3387	26.5000	-36.7000	Crater to Merak Portal
66.2972	14.3387	53.6000	10.4000	Crater to New Nesortania Portal
66.2972	14.3387	69.5000	-4.0000	Crater to Anadil Portal
27.8986	29.5387	34.4000	-11.9000	Glenden Wood to Genem Causland
27.8986	29.5387	28.6000	17.7000	Glenden Wood to Howling Wolf Villas
27.8986	29.5387	24.8000	15.0000	Glenden Wood to Soltan Villas
-41.4841	82.1274	27.9000	-28.8000	Hebian-To to Tia-Leh Homestead
-60.7630	80.3012	26.4000	-33.6000	Mayoi to Inquisitor's Dale Cottages
-60.7630	80.3012	74.4000	-46.3000	Mayoi to Lady Maila Estates
-60.7630	80.3012	12.0000	-15.9000	Mayoi to Shore Vista Cottages
-74.8366	17.7926	84.1000	-31.1000	Qalaba'r to Azaroth Cottages Portal
-74.8366	17.7926	-68.8000	30.6000	Qalaba`r to Mattekar Slopes Cottages
-74.8366	17.7926	-12.6000	0.9000	Qalaba`r to Sand Shallow Cottages
-74.8366	17.7926	-86.4000	37.7000	Qalaba`r to Scimitar Lake Cottages
-0.8668	18.9927	91.3000	5.4000	Samsur to Tharesun
-24.9031	29.8116	-8.8000	28.0000	Uziz to Drytree Settlement Portal
-24.9031	29.8116	-28.8000	21.1000	Uziz to Thasali Cottages Portal
-82.8998	48.1680	73.6000	-42.3000	Kara to Brazenn Domain Portal
-82.8998	48.1680	32.9000	-22.2000	Kara to Direvale Villas Portal
-49.3916	26.0387	-47.1000	16.9000	Khayyaban to Al-Mar Oasis
-49.3916	26.0387	-56.9000	20.6000	Khayyaban to Avatania Cottages
-49.3916	26.0387	30.4000	-18.3000	Khayyaban to Rethux Vale
-49.3916	26.0387	-43.9000	35.2000	Khayyaban to Sonpay
-27.1844	59.8904	-35.9000	40.8000	Sawato to Kuyiza Portal
-27.1844	59.8904	-12.7000	72.8000	Sawato to South Siege Villas Portal
-27.1844	59.8904	-18.2000	63.3000	Sawato to Village Quan Portal
69.5977	-20.1610	42.5000	4.7000	Stonehold to Durglen
69.5977	-20.1610	35.3000	-15.1000	Stonehold to East Morntide Settlement
69.5977	-20.1610	64.0000	-16.7000	Stonehold to Ice`s Edge Cottages
69.5977	-20.1610	83.1000	-28.0000	Stonehold to Northfire Estates
69.5977	-20.1610	54.4000	-19.9000	Stonehold to Regina Cottages
69.5977	-20.1610	81.6000	-20.7000	Stonehold to Thyrinn Cant Cottages
12.7365	-1.6995	25.7000	-0.8000	Zaikhal to Bright Blade Cottages
-10.3200	45.6152	-4.7000	44.6000	Yanshi to Jenshi Cottages Portal
5.7014	4.3379	23.2000	-42.3000	Al-Jalima to Mirthless Dale
5.7014	4.3379	15.3000	-17.5000	Al-Jalima to Nidal-Taraq Villas
32.9058	59.3604	-84.7000	12.8000	Arwic to Artifice Cottages Portal
32.9058	59.3604	64.9000	37.6000	Arwic to Baron's Domain Portal
32.9058	59.3604	72.1000	55.2000	Arwic to Broken Haft Vale Portal
26.1635	46.2987	59.3000	40.9000	Cragstone to Colier View Hill
26.1635	46.2987	92.9000	-2.4000	Cragstone to Far Horizon Cottages
66.2972	14.3387	28.8000	-36.8000	Crater to Adept's Domain Portal
66.2972	14.3387	58.5000	-0.7000	Crater to Mountain Retreat Cottages Portal
66.2972	14.3387	75.3000	27.2000	Crater to Patron's Honor Cottages Portal
66.2972	14.3387	80.8000	-35.1000	Crater to Sweet Maple Cottages Portal
66.2972	14.3387	62.6000	3.2000	Crater to Windrune Cottages Portal
-41.4841	82.1274	64.8000	72.1000	Hebian-To to Arrowdale Cottages
-82.8998	48.1680	28.1000	-22.4000	Kara to Harmonious Blade Cottages Portal
-82.8998	48.1680	23.3000	-49.6000	Kara to Peril's Edge Cottages Portal
-49.3916	26.0387	-39.9000	33.0000	Khayyaban to Ardent Realm
-49.3916	26.0387	-40.0000	36.1000	Khayyaban to Shield of Ispar Villas
45.4003	-42.2603	30.6000	-45.4000	Plateau to Hero`s Vale
45.4003	-42.2603	45.6000	-36.0000	Plateau to Rytheran Dale
45.4003	-42.2603	37.6000	-49.0000	Plateau to Wilomine Villas
45.4003	-42.2603	31.1000	-28.8000	Plateau to Wolfenvale
-74.8366	17.7926	30.5000	-40.7000	Qalaba'r to Axefall Glen Portal
-24.9031	29.8116	8.9000	32.0000	Uziz to Demonsbane Cottages Portal
-10.3200	45.6152	27.9000	-3.8000	Yanshi to Blazing Wand Villas Portal
12.7365	-1.6995	36.0000	-24.0000	Zaikhal to Deepvale Cottages
12.7365	-1.6995	17.6000	-12.7000	Zaikhal to Gharu`n Victory Villas
-39.8074	-54.5890	-8.0792	74.0250	Town of Dryreach Portal
85.8295	-27.5910	68.6583	-21.8250	Stonehold Portal
5.7014	4.3379	34.4000	0.7000	Al-Jalima to Reviled Maw Cottages
5.7014	4.3379	36.0000	4.1000	Al-Jalima to Tusker Notch
5.7014	4.3379	13.6000	16.2000	Al-Jalima to Unified Heart Villas
32.9058	59.3604	57.8000	2.4000	Arwic to Defiant Prey Cottages Portal
32.9058	59.3604	50.4000	69.7000	Arwic to Hand-on-Sword Cottages Portal
32.9058	59.3604	53.7000	70.4000	Arwic to Jeweled Thorn Estates Portal
32.9058	59.3604	51.9000	67.2000	Arwic to Secluded Valley Cottages Portal
66.2972	14.3387	55.2000	4.8000	Crater to North Pass Hollow Cottages Portal
66.2972	14.3387	62.5000	8.3000	Crater to Shaky Ledge Cottages Portal
66.2972	14.3387	59.0000	7.9000	Crater to Stonerune Cottages Portal
27.8986	29.5387	38.7000	-9.6000	Glenden Wood to Amarand Villas
27.8986	29.5387	37.8000	0.7000	Glenden Wood to Lanadryll Cottages
-41.4841	82.1274	39.5000	-22.5000	Hebian-To to Majestic Saddle Cottages
-49.3916	26.0387	39.3000	-29.6000	Khayyaban to Rending Talon Cottages
-49.3916	26.0387	35.7000	-32.7000	Khayyaban to Stone Scythe Stronghold
-60.7630	80.3012	29.5000	-33.5000	Mayoi to Shield of Valor Cottages
-60.7630	80.3012	60.8000	19.3000	Mayoi to Songview
45.4003	-42.2603	39.2000	-32.6000	Plateau to Two Hills Cottages
45.4003	-42.2603	42.4000	-29.5000	Plateau to Tyrrin Cottages
-74.8366	17.7926	-61.7000	14.5000	Qalaba`r to Ebbing Tide Villas
-74.8366	17.7926	-60.1000	32.1000	Qalaba'r to Gredaline Villas
-74.8366	17.7926	31.2000	-11.9000	Qalaba`r to Sanam Batal Villas
8.6607	60.9054	65.0000	65.7000	Rithwic to Isparian Flame Estates
-0.8668	18.9927	39.3000	4.0000	Samsur to Charnhold
-0.8668	18.9927	35.3000	-8.7000	Samsur to Darasa Villas
-0.8668	18.9927	1.6000	21.7000	Samsur to Stone Face Oasis Villas
-27.1844	59.8904	61.5000	65.6000	Sawato to Explorer's Villas Portal
-30.4920	94.5223	42.5000	-26.3000	Tou-Tou to Dame Tolani Villas Portal
-24.9031	29.8116	32.8000	-34.3000	Uziz to Hopevale Portal
-24.9031	29.8116	32.1000	-15.1000	Uziz to Morntide Ascent Cottages Portal
-10.3200	45.6152	38.4000	-26.3000	Yanshi to Firesong Cottages Portal
-38.1450	-60.2994	2.3281	-0.8270	Precarious Sojourn Exit Portal
2.3295	-0.8104	-38.1254	-60.3001	Precarious Sojourn Portal
-49.3916	26.0387	-56.9000	35.3000	Khayyaban to Erevana Villas
11.0046	14.6800	-88.3000	-64.5000	Sylsfear to Direlands Midland Portal
-90.2208	-64.5000	-78.6667	-73.4292	Direlands Desert Edge Portal
-88.4792	-66.8000	-84.2042	-34.4375	South Direlands Portal
-80.0788	-42.4256	-84.2042	-34.4375	South Direlands Portal
-80.1606	-42.3376	24.4479	-53.8454	North Direlands Portal
-77.9653	-48.6681	-84.2042	-34.4375	South Direlands Portal
-78.0631	-48.5823	-5.6358	39.9621	Desert Ridge Border
-21.5358	-74.6607	-52.9888	61.0648	Ridge Tower
5.5042	-87.5208	-48.0167	-65.0125	Obsidian Rim Portal
-88.1767	-64.6028	-38.8754	82.6263	Hebian-To Portal
-9.4142	-71.8581	23.6000	62.5000	Beachside
-43.7875	-83.0000	25.9510	48.3557	Cragstone Portal
-49.3916	26.0387	-43.9000	11.8000	Khayyaban to Desert Vanguard Cottages
46.7941	30.4924	70.5007	-8.1001	Access to Crystal Mines
70.4742	-8.0895	41.6000	33.7000	Holtburg Portal
70.4805	-8.3141	70.5007	-8.1001	Access to Crystal Mines
-98.0069	-94.6988	-48.0167	-65.0125	Obsidian Rim Portal
19.7253	17.8429	20.7671	18.4746	South Zabool
19.4921	17.4658	19.5596	16.9987	Base of Mt. Alphus
19.5413	16.8900	20.2525	15.7833	Mt. Alphus Valley
20.2404	15.0347	19.5596	16.9987	Base of Mt. Alphus
17.2571	15.9675	16.3350	14.7312	North Gemm
16.3446	14.7408	17.2625	15.9796	South Bellig
15.6550	14.1667	14.6250	13.2371	North Dalt
14.6342	13.2458	15.6642	14.1804	South Gemm
14.0538	12.6663	12.7229	11.8254	North Syliph
12.7308	11.8450	14.0663	12.6792	South Dalt
11.5646	12.2679	11.2083	12.1775	Mt. Syliph Plain
11.2304	12.1796	11.6104	12.2767	Base of Mt. Syliph
-65.7383	84.8856	-72.5104	81.2996	Vesayen Isles Portal
-53.1	61	-94.8	-9.7	Drunken Madman to Ulgrim's Island
27.1853	47.3202	28.5458	47.9504	River Bridge Portal
28.5117	47.9567	27.1375	47.3583	River Bridge Portal
-69.3428	94.5064	-84.2000	-34.4000	Jungle Shadows to South Direlands Portal
-69.3428	94.5064	24.4000	-53.8000	Jungle Shadows to North Direlands Portal
22.8865	-28.8386	65.0000	49.3000	Desert March to Bandit Castle Portal
6.4700	-3.6352	65.0000	49.3000	Desert March to Bandit Castle Portal
22.8865	-28.8386	-48.0000	-65.0000	Desert March to Obsidian Rim Portal
6.4700	-3.6352	-48.0000	-65.0000	Desert March to Obsidian Rim Portal
6.4700	-3.6352	24.4000	-53.8000	Desert March to North Direlands Portal
22.8865	-28.8386	24.4000	-53.8000	Desert March to North Direlands Portal
22.8865	-28.8386	-62.4000	-52.3000	Desert March to Black Hill Portal
6.4700	-3.6352	-62.4000	-52.3000	Desert March to Black Hill Portal
6.4700	-3.6352	56.8000	12.9000	Desert March to Southern Mt. Esper Portal
22.8865	-28.8386	56.8000	12.9000	Desert March to Southern Mt. Esper Portal
22.8865	-28.8386	-84.2000	-34.4000	Desert March to South Direlands Portal
6.4700	-3.6352	-84.2000	-34.4000	Desert March to South Direlands Portal
20.9946	69.3033	-38.6000	82.1000	Hebian-To Portal
20.9946	69.0966	25.9510	48.3557	Cragstone Portal
29.9240	27.4348	26.0000	48.2000	Effigy Foundry to Cragstone
25.7276	49.2056	26.0000	48.2000	Effigy Foundry to Cragstone
17.6517	63.3296	26.0000	48.2000	Effigy Foundry to Cragstone
13.7799	0.5685	26.0000	48.2000	Effigy Foundry to Cragstone
7.4436	4.7874	26.0000	48.2000	Effigy Foundry to Cragstone
-25.0584	28.3265	26.0000	48.2000	Effigy Foundry to Cragstone
-28.1	95.8	26	48.2	Effigy Foundry to Cragstone
-39.4075	83.1403	26.0000	48.2000	Effigy Foundry to Cragstone
-47.5561	24.7086	26.0000	48.2000	Effigy Foundry to Cragstone
-54.4202	73.1965	26.0000	48.2000	Effigy Foundry to Cragstone
7.4055	0.6324	-88.3000	-64.5000	Carved Caves to Direland Midlands
7.4055	0.6324	-75.0000	19.6000	Carved Caves to Qalaba'r
-74.2737	84.6266	26.0000	48.2000	Effigy Foundry to Cragstone
42.7042	33.5790	-51.0000	81.7000	Mannikin Foundry to Nanto
10.5447	58.2680	-51.0000	81.7000	Mannikin Foundry to Nanto
0.6637	51.4119	-51.0000	81.7000	Mannikin Foundry to Nanto
-2.8844	19.3773	-51.0000	81.7000	Mannikin Foundry to Nanto
-12.8	46.3	-51	81.7	Mannikin Foundry to Nanto
-21.5425	-1.7003	-51.0000	81.7000	Mannikin Foundry to Nanto
-31.2166	13.8161	-51.0000	81.7000	Mannikin Foundry to Nanto
-33.3708	72.8506	-51.0000	81.7000	Mannikin Foundry to Nanto
-52.5316	82.1155	-51.0000	81.7000	Mannikin Foundry to Nanto
68.8502	-21.5960	-49.3000	62.9000	Mammet Foundry to Baishi
44.2467	-43.3805	-49.3000	62.9000	Mammet Foundry to Baishi
30.9241	56.3987	-49.3000	62.9000	Mammet Foundry to Baishi
-14.9287	5.8100	-49.3000	62.9000	Mammet Foundry to Baishi
-28.6369	59.3004	-49.3000	62.9000	Mammet Foundry to Baishi
-49.4286	62.5013	-49.3000	62.9000	Mammet Foundry to Baishi
-61.9080	81.9676	-49.3000	62.9000	Mammet Foundry to Baishi
-74.1221	92.3140	-49.3000	62.9000	Mammet Foundry to Baishi
-74.3365	19.1596	-49.3000	62.9000	Mammet Foundry to Baishi
1.5969	-72.0539	1.7000	-71.2000	Colossus Foundry to Fort Tethana
-59.9914	-87.9205	1.7000	-71.2000	Colossus Foundry to Fort Tethana
-61.9945	-51.3226	1.7000	-71.2000	Colossus Foundry to Fort Tethana
-83.3293	47.1258	1.7000	-71.2000	Colossus Foundry to Fort Tethana
-74.0803	19.1649	28.9000	26.3000	Atrium Residential Halls to Glenden Wood
29.6840	27.0287	28.9000	26.3000	Atrium Residential Halls to Glenden Wood
-49.2456	62.4021	28.9000	26.3000	Atrium Residential Halls to Glenden Wood
-49.2456	62.4021	-75.0000	19.6000	Atrium Residential Halls to Qalaba'r
29.6840	27.0287	-75.0000	19.6000	Atrium Residential Halls to Qalaba'r
-74.0803	19.1649	-75.0000	19.6000	Atrium Residential Halls to Qalaba'r
-74.0803	19.1649	-49.3000	62.9000	Atrium Residential Halls to Baishi
29.6840	27.0287	-49.3000	62.9000	Atrium Residential Halls to Baishi
-49.2456	62.4021	-49.3000	62.9000	Atrium Residential Halls to Baishi
0.6280	51.6089	-24.3000	28.9000	Haven Residential Halls to Uziz
-24.9253	28.3350	-24.3000	28.9000	Haven Residential Halls to Uziz
-28.2	95.6	-24.3	28.9	Haven Residential Halls to Uziz
-28.2	95.6	1.9	51.9	Haven Residential Halls to Lytelthorpe
-24.9253	28.3350	1.9000	51.9000	Haven Residential Halls to Lytelthorpe
0.6280	51.6089	1.9000	51.9000	Haven Residential Halls to Lytelthorpe
0.6280	51.6089	-30.4000	94.7000	Haven Residential Halls to Tou-Tou
-24.9253	28.3350	-30.4000	94.7000	Haven Residential Halls to Tou-Tou
-28.2	95.6	-30.4	94.7	Haven Residential Halls to Tou-Tou
44.0138	-43.1145	-62.7000	81.5000	Oriel Residential Halls to Mayoi
-47.4050	25.1119	-62.7000	81.5000	Oriel Residential Halls to Mayoi
-61.7966	81.6037	-62.7000	81.5000	Oriel Residential Halls to Mayoi
-61.7966	81.6037	44.5000	-43.1000	Oriel Residential Halls to Plateau
-47.4050	25.1119	44.5000	-43.1000	Oriel Residential Halls to Plateau
44.0138	-43.1145	44.5000	-43.1000	Oriel Residential Halls to Plateau
44.0138	-43.1145	-47.6000	26.7000	Oriel Residential Halls to Khayyaban
-47.4050	25.1119	-47.6000	26.7000	Oriel Residential Halls to Khayyaban
-61.7966	81.6037	-47.6000	26.7000	Oriel Residential Halls to Khayyaban
25.4802	48.7193	26.0000	48.2000	Sanctum Residential Halls to Cragstone
13.3938	0.5827	26.0000	48.2000	Sanctum Residential Halls to Cragstone
-39.6050	83.4859	26.0000	48.2000	Sanctum Residential Halls to Cragstone
-39.6050	83.4859	14.3000	1.3000	Sanctum Residential Halls to Zaikhal
13.3938	0.5827	14.3000	1.3000	Sanctum Residential Halls to Zaikhal
25.4802	48.7193	14.3000	1.3000	Sanctum Residential Halls to Zaikhal
25.4802	48.7193	-38.6000	82.1000	Sanctum Residential Halls to Hebian-to
13.3938	0.5827	-38.6000	82.1000	Sanctum Residential Halls to Hebian-to
-39.6050	83.4859	-38.6000	82.1000	Sanctum Residential Halls to Hebian-to
-3.2121	19.0830	-53.9000	74.3000	Victory Residential Halls to Lin
-48.0308	24.5154	-53.9000	74.3000	Victory Residential Halls to Lin
-54.3458	73.2370	-53.9000	74.3000	Victory Residential Halls to Lin
-54.3458	73.2370	-47.6000	26.7000	Victory Residential Halls to Khayyaban
-48.0308	24.5154	-47.6000	26.7000	Victory Residential Halls to Khayyaban
-3.2121	19.0830	-47.6000	26.7000	Victory Residential Halls to Khayyaban
-3.2121	19.0830	-2.7000	18.9000	Victory Residential Halls to Samsur
-48.0308	24.5154	-2.7000	18.9000	Victory Residential Halls to Samsur
-54.3458	73.2370	-2.7000	18.9000	Victory Residential Halls to Samsur
7.4055	0.6324	-76.5000	-74.9000	Carved Caves to Hall of the Lost Light
-75.7091	28.2207	-77.7917	27.9958	Linvak Tukal Portal
-75.7502	83.1501	68.7000	-21.8000	Stonehold Portal
-75.7502	83.1501	16.9000	63.5000	Eastham Portal
-75.7502	83.1501	-3.2000	19.0000	Samsur Portal
-75.7502	83.1501	44.5000	-43.1000	Plateau Portal
-75.7502	83.1501	-41.9000	16.1000	Xarabydun Portal
-75.7502	83.1501	29.7000	26.5000	Glenden Wood Portal
-75.7502	83.1501	33.3000	56.6000	Arwic Portal
-75.7502	83.1501	-73.0000	92.0000	Freehold Portal
-75.7502	83.1501	-47.4000	25.5000	Khayyaban Portal
-75.7502	83.1501	-29.1000	58.9000	Sawato Portal
-75.7502	83.1501	10.8000	59.3000	Rithwic Portal
-75.7502	83.1501	1.1000	51.7000	Lytelthorpe Portal
-75.7502	83.1501	-53.9000	74.3000	Lin Portal
-75.7502	83.1501	-83.5000	47.6000	Kara Portal
-75.7502	83.1501	-7.2000	5.0000	Al-Jalima Portal
-75.7502	83.1501	-28.1000	95.4000	Tou-Tou Portal
-75.7502	83.1501	-24.8000	28.4000	Uziz Portal
-75.7502	83.1501	-74.6000	84.2000	Kryst Portal
-75.7502	83.1501	-31.3000	13.2000	Al-Arquas Portal
-18.6164	-84.4051	66.5000	-26.7000	Stonehold Valley Portal
-18.6164	-84.4051	17.0000	-58.3000	Direlands North Landbridge Portal
-18.6164	-84.4051	-83.3000	-19.2000	Direlands South Landbridge Portal
-18.6164	-84.4051	-72.5104	81.2996	Vesayen Isles Portal
-18.6164	-84.4051	-86.2000	39.6000	South Shore Heights
-18.6164	-84.4051	34.5000	42.1000	Obsidian Span Portal
-18.6164	-84.4051	-64.0000	-65.3000	Obsidian Plains Portal
-18.6164	-84.4051	-70.9000	-36.3000	Direlands Southeast Shore Portal
-18.6164	-84.4051	-59.7000	-90.0000	Darktide Festival Stone Portal
-18.6164	-84.4051	-0.4000	-80.1000	Slaughterhouse Portal
-18.6164	-84.4051	22.5000	51.9000	Isle of Tears Portal
-18.6164	-84.4051	-62.4000	-52.3000	Black Hill Portal
-18.6164	-84.4051	-21.5000	-74.6000	Walled Portals Portal
-18.6164	-84.4051	-48.0000	-65.0000	Obsidian Rim Portal
-83.3432	89.8207	-91.1566	87.4248	Portalling Device
-53.1	61	-21.5	-74.6	Drunken Madman to Walled Fort
-49.3916	26.0387	-39.9000	23.2000	Khayyaban to Sands-of-the-Skull Cottages
76.6167	-58.6014	95.8750	-56.7708	Fiun Outpost Portal
87.6041	-69.6826	90.6000	-51.3000	Plains of Ruin Portal
75.2986	-73.8008	72.1000	-60.9000	Viamontian Garrison to Sanamar Portal
95.6287	-56.2094	87.3000	-70.9000	Fiun Outpost to Silyun Portal
-75.0167	19.4833	87.3097	-70.8170	Qalaba'r to Silyun
76.5950	-58.7155	87.3000	-70.9000	Sanamar to Silyun Portal
71.7208	-60.9630	79.2001	-67.9994	Beacon Tower
75.8998	-61.3377	82.1000	-74.2000	Cataracts of Sabella
79.2003	-68.0388	71.7337	-60.9634	Beacon Tower Exit
89.0011	-67.6114	88.8128	-67.8844	Karlun's Fort Portal
88.9	-67.5	89.2	-67.8	Karlun's Fort Exit Portal
80.2010	-67.8019	71.7337	-60.9634	Beacon Tower Exit
80.4014	-68.0006	71.7337	-60.9634	Beacon Tower Exit
80.1988	-68.1985	71.7337	-60.9634	Beacon Tower Exit
90.6234	-51.1226	87.3000	-70.9000	Silyun Portal
-75.9935	-67.1002	66.6000	49.9000	Portal to Bandit Castle
66.5903	49.8944	-75.9766	-67.0757	Keep Out!
-41.8234	16.0618	-41.9000	16.1000	Xarabydun Surface Portal
21.7137	19.4442	21.8000	19.5000	Base of Mount Zabool
20.7550	18.4625	19.7163	17.8342	Mount Alphus
26.2523	63.8506	-65.2000	60.3000	High Mountain Valley Portal
26.2523	63.8506	33.3000	66.6000	Merchant Cellar to Arwic
-60.3026	-90.6910	-87.6172	-4.4171	Gatekeepers Portal
70.1559	65.6331	79.0250	58.6167	Vissidal Island Portal
70.4408	50.5426	79.6870	54.4000	Temple of N'cthail
80.1660	54.4015	70.3000	50.4000	Temple Exit
85.1279	57.5341	79.0250	58.6167	Vissidal Island
75.7998	70.2254	84.7013	58.2086	Dark Isle Portal
5.7014	4.3379	20.0000	10.4000	Al-Jalima to Alfreth Ridge Cottages
5.7014	4.3379	-12.1000	-27.0000	Al-Jalima to Al-Arqis Cottages
5.7014	4.3379	1.7000	-5.1000	Al-Jalima to Bay of Sands
2.2363	50.3644	-0.2000	57.9000	Lytelthorpe to East Lytelthorpe Settlement
2.2363	50.3644	-4.4000	48.0000	Lytelthorpe to North Yanshi Plains Settlement
2.2363	50.3644	-2.3000	53.9000	Lytelthorpe to South Lytelthorpe
-60.5	78	-70.9	-36.3	Direlands Southeast Shore Portal
40.1	60.3	32.8	34.7	Portal to Hilltop
12.7365	-1.6995	31.3000	-25.5000	Zaikhal to Nalib Cavana Settlement
-61.8714	40.0171	-65.1975	60.3179	Hidden Valley to High Mountain Valley
-11.7	58	-61.4	-46.6	Halls of Metos (Imuth Maer Doquin)
67.4	30.5	67.4	30.5	Portal to Bur
16.2035	69.3341	21.2550	69.1875	Asheron's Castle
-82.6	88.8	-62.3	96	Statue of Transport
-58.9000	-88.7125	40.9000	33.6000	Holtburg Casino VIP Portal
-58.9000	-88.7125	-34.2000	73.6042	Shoushi Casino VIP Portal
-58.9000	-88.7125	-21.5000	-0.8000	Yaraq Casino VIP Portal
17.5995	63.5184	58.5000	-10.3000	Patriarch's Valley Portal
-14.6	-62.2	-14.6	-62	Resonant Portal
-10.6	17.1	-10.6	17.1	Resonant Portal
-98.0069	-94.6988	-48.0167	-65.0125	Portal To The Obsidian Rim
-87.5146	-67.1854	-87.5242	-67.1758	Tree Portal
-89.5	-57.4	32.8	34.7	Portal to Hilltop
17.0872	62.9956	57.1000	47.8000	Lightning Ziggurat
17.0872	62.9956	57.1000	47.8000	Frost Ziggurat
17.0872	62.9956	57.1000	47.7000	Acid Ziggurat
17.0872	62.9956	57.1000	47.8000	Fire Ziggurat
-100.5167	8.6583	41.8852	-82.1874	Facility Hub (N W) Abandoned Tumerok Site
-100.4822	8.5822	45.0151	-76.2730	Facility Hub (N W) An Olthoi Soldier Nest
-100.5167	8.5750	52.5770	-73.1107	Facility Hub (N W) Ancient Empyrean Grotto
-100.5167	8.6164	43.7000	25.0000	Facility Hub (W)(R 1 (35) C) to Banderling Camp
-100.5161	8.8969	-29.1000	50.6000	Facility Hub (E)(L 2 (25) C L) to Banderling Conquest Dungeo
-100.6417	8.5333	17.6836	15.9261	Facility Hub (W)(L 2 (40) L) to Bellig Tower Base
-100.5588	8.5333	-21.7449	47.9670	Facility Hub (W)(R 2 (45) R) to Blackmire Temple
-100.6834	8.4926	-24.5135	76.7466	Facility Hub (W)(L 2 (40) C) to Castle of Baron Nuvillus
-100.5582	8.9500	17.3503	32.7574	Facility Hub (E)(L 2 (25) R) to Catacombs of the Forgotten
-100.5166	8.7833	57.1380	37.6562	Facility Hub (E)(L 1 (15) C) to Colier
-100.4750	8.6167	46.7995	-67.8365	Facility Hub (N W) Crumbling Empyrean Mansion
-100.6416	8.9500	24.2935	43.2204	Facility Hub (E)(R 2 (20) L) to Dangerous Cave
-100.6417	8.4500	-6.6000	70.7000	Facility Hub (W)(L 2 (40) R) to Dryreach
-100.5065	8.9083	16.9192	63.4794	Facility Hub (E)(L 2 (25) C C)to Eastham
-100.6417	8.8250	29.8697	26.3378	Facility Hub (E)(R 1 (10) L) to Glendon Wood
-100.5586	8.7415	-27.7431	71.6298	Facility Hub (E)(L 1 (15) L) to Green Mire Grave
-100.5583	8.8667	77.4291	-59.7960	Facility Hub (E)(L 2 (25) L) to Fledgemaster's Camp
-100.6833	8.7833	-8.8107	53.6439	Facility Hub (E)(R 1 (10) C) to Folthid Estate
-100.5583	8.8250	18.7324	1.7671	Facility Hub (E)(L 1 (15) R) to Halls of the Helm
-100.6416	8.5750	6.5000	43.9000	Facility Hub (W)(L 1 (30) R)to Haunted Mansion
-100.6417	8.8667	35.7672	33.4803	Facility Hub (E)(R 2 (20) R) to Hunter's Leap
-100.6833	8.6167	41.0762	57.0314	Facility Hub (W)(L 1 (30) C) to Mite Maze
-100.6417	8.7417	-27.5396	70.5806	Facility Hub (E)(R 1 (10) R) to Mosswart Camp
-100.5161	8.9202	-25.2763	19.4089	Facility Hub (E)(L 2 (25) C R) to Mosswart Maze
-100.6417	8.6583	-29.8000	93.9000	Facility Hub (W)(L 1 (30) L) to Mountain Sewer
-100.5583	8.6583	32.3063	66.3226	Facility Hub (W)(R 1 (35) R) to Skeleton Fort
-100.5583	8.5750	16.4813	3.8575	Facility Hub (W)(R 1 (35) L) to Suntik Village
-100.4822	8.6513	43.7454	-68.4172	Facility Hub (N W) The Dark Lair
-100.6833	8.9083	13.5652	50.6744	Facility Hub (E)(R 2 (20) C) to Trothyr's Rest
-100.4333	8.7000	-9.1000	73.0000	Facility Hub (N N) to Tumerok Camps
-100.5514	8.8180	-3.1971	94.9594	Facility Hub (N E) Tusker Abode
-100.4819	8.7487	2.0342	97.8982	Facility Hub (N E) Tusker Burrow
-100.5518	8.7529	-0.4000	97.3000	Facility Hub (N E) Tusker Cave
-100.5583	8.7833	1.0638	96.8570	Facility Hub (N E) Tusker Cavern
-100.5167	8.8250	-0.4594	95.8909	Facility Hub (N E) Tusker Habitat
-100.5167	8.7417	-0.2000	98.0000	Facility Hub (N E) Tusker Lodge
-100.4816	8.8135	-2.2804	95.5689	Facility Hub (N E) Tusker Quarters
-52.7529	67.3471	-52.3000	67.9000	South Osteth Peak Portal
47.0693	-90.2562	-96.6833	-101.6583	Town Network Portal(Ahurenga)
-31.1662	13.9001	-99.1000	8.7000	Town Network Portal(Al-Arqas)
7.4436	4.7874	-99.1000	8.7000	Town Network Portal(Al-Jalima)
33.4926	56.7764	-99.1000	8.7000	Town Network Portal(Arwic)
-59.7936	-87.9094	-99.1000	8.7000	Town Network Portal(Ayan Baqur)
-49.4286	62.5013	-99.1000	8.7000	Town Network Portal(Baishi)
39.3426	-75.4054	-96.6833	-101.6583	Town Network Portal(Bluespire)
-87.6795	-67.0722	-96.6833	-101.6583	Town Network Portal(Candeth Keep)
25.5783	49.1934	-99.1000	8.7000	Town Network Portal(Cragstone)
23.3705	-28.6336	-96.6833	-101.6583	Town Network Portal(Danby's Outpost)
-7.8991	72.9718	-99.1000	8.7000	Town Network Portal(Dryreach)
17.7282	63.3658	-99.1000	8.7000	Town Network Portal(Eastham)
90.3616	-43.1853	-96.6833	-101.6583	Town Network Portal(Eastwatch)
95.7149	-56.8052	-96.6833	-101.6583	Town Network Portal(Fiun Outpost)
1.5529	-71.7711	-99.1000	8.7000	Town Network Portal(Fort Tethana)
-73.9567	92.1884	-99.1000	8.7000	Town Network Portal(MacNiall's Freehold)
29.7450	27.4601	-99.1000	8.7000	Town Network Portal(Glenden Wood)
43.1133	-66.6620	-96.6833	-101.6583	Town Network Portal(Greenspire)
-39.1659	83.1346	-99.1000	8.7000	Town Network Portal(Hebian-to)
42.2817	33.3100	-99.1000	8.7000	Town Network Portal(Holtburg)
-83.3	7.1	-99.1	8.7	Town Network Portal(Kara)
-47.5561	24.7086	-99.1000	8.7000	Town Network Portal(Khayyaban)
-74.3150	84.4070	-99.1000	8.7000	Town Network Portal(Kryst)
-54.5300	73.2067	-99.1000	8.7000	Town Network Portal(Lin)
-77.5997	28.1153	-96.6833	-101.6583	Town Network Portal(Linvak Tukal)
0.6637	51.4119	-99.1000	8.7000	Town Network Portal(Lytelthorpe)
-61.7997	82.0934	-99.1000	8.7000	Town Network Portal(Mayoi)
-52.6792	82.2716	-99.1000	8.7000	Town Network Portal(Nanto)
69.9	17.6	-96.68392	-101.65892	Town Network Portal(Neydisa Castle)
2.3140	95.4556	-96.6833	-101.6583	Town Network Portal(Oolutanga's Refuge)
44.2628	-43.4640	-99.1000	8.7000	Town Network Portal(Plateau Village)
-74.3365	19.1596	-99.1000	8.7000	Town Network Portal(Qalaba'r)
40.6945	-83.2267	-96.6833	-101.6583	Town Network Portal(Redspire)
10.5447	58.2680	-99.1000	8.7000	Town Network Portal(Rithwic)
-2.9281	19.4351	-96.6417	-101.7000	Town Network Portal(Samsur)
71.9981	-61.3018	-96.6833	-101.6583	Town Network Portal(Sanamar)
-28.7256	59.3936	-99.1000	8.7000	Town Network Portal(Sawato)
-33.5655	72.7258	-99.1000	8.7000	Town Network Portal(Shoushi)
87.2489	-70.5966	-96.6833	-101.6583	Town Network Portal(Silyun)
68.7100	-21.6511	-99.1000	8.7000	Town Network Portal(Stonehold)
44.0400	-77.9942	-96.6833	-101.6583	Town Network Portal(Timaru)
-30.2775	94.7650	-99.1000	8.7000	Town Network Portal(Tou-Tou)
-14.9287	5.8100	-99.1000	8.7000	Town Network Portal(Tufa)
-25.1441	28.1906	-99.1000	8.7000	Town Network Portal(Uziz)
-62.0608	-51.3015	-99.1000	8.7000	Town Network Portal(Wai Jhou)
72.7789	-73.3258	-96.6833	-101.6583	Town Network Portal(Westwatch)
-41.8731	15.8113	-99.1000	8.7000	Town Network Portal(Xarabydun)
-12.1348	42.5810	-99.1000	8.7000	Town Network Portal(Yanshi)
-21.5051	-1.5208	-96.6417	-101.7000	Town Network Portal(Yaraq)
13.5985	0.6064	-99.1000	8.7000	Town Network Portal(Zaikhal)
-96.9331	-101.7258	46.0858	-89.7708	Town Network (S R 3) to Ahurenga
-96.7098	-101.8252	-31.2992	13.2160	Town Network (W L 2) to Al-Arqas
-96.6000	-101.9334	7.2478	4.9515	Town Network (W R 5) to Al-Jalima
-96.5167	-101.5881	33.2676	56.6450	Town Network (N R 1) to Arwic
-96.7102	-101.4501	-49.3133	62.9025	Town Network (E R 3) to Baishi
-97.0852	-101.6999	44.2095	-78.4526	Town Network (S R 7) to Base of the Timaru Plateau
-96.8501	-101.7271	39.5412	-75.3492	Town Network (S R 1) to Bluespire
-96.4750	-101.7274	25.9510	48.3557	Town Network (N L 2) to Cragstone
-97.0167	-101.5899	23.1712	-29.8521	Town Network (S L 5) to Danby's Outpost
-96.3917	-101.5899	-8.1000	73.0000	Town Network (N R 4) to Dryreach
-96.4335	-101.5896	16.9000	65.3000	Town Network (N R 3) to Eastham
-97.0586	-101.5895	90.3417	-43.2583	Town Network (S L 6) to Eastwatch
-96.7666	-101.7269	-100.7247	8.6943	Town Network (S R) to Facility Hub
-97.0584	-101.7258	95.8750	-56.7708	Town Network (S R 6) to Fiun Outpost
-96.3648	-101.6584	1.7004	-71.2263	Town Network (N C) to Fort Tethana
-96.6835	-101.3393	-73.0125	91.9908	Town Network (E R 6) to Freehold (MacNiall's Freehold)
-96.3917	-101.7271	29.7494	26.4513	Town Network (N L 4) to Glenden Wood
-96.8914	-101.7269	43.2107	-66.8043	Town Network (S R 2) to Greenspire
-96.5734	-101.4083	-38.8754	82.6263	Town Network (E L 4) to Hebian-to
-96.5165	-101.7254	42.0796	33.6000	Town Network (N L 1) to Holtburg
-96.5742	-101.3665	-83.5367	47.6050	Town Network (E L 5) to Kara
-96.7102	-101.8667	-47.4477	25.6250	Town Network (W L 3)to Khayyaban
-96.5999	-101.3395	-74.5921	84.2029	Town Network (E L 6) to Kryst
-96.5726	-101.4500	-53.9051	74.2988	Town Network (E L 3) to Lin
-96.9750	-101.5907	-77.7917	27.9958	Town Network (S L 4) to Linvak Tukal
-96.4333	-101.7275	1.0982	51.6988	Town Network (N L 3) to Lytelthorpe
-96.7666	-101.5911	-15.6831	-100.9450	Town Network (S L) to Marketplace
-96.5724	-101.4917	-61.9052	82.4976	Town Network (E L 2) to Mayoi
-96.7083	-101.4917	-82.2000	82.5000	Town Network (E R 2) to Nanto
-96.9749	-101.7248	69.5471	17.8621	Town Network (S R 4) to Neydisa Castle
-97.0845	-101.6167	2.2577	95.4571	Town Network (S L 7) to Oolutanga's Refuge
-96.3645	-101.7000	44.5367	-43.1329	Town Network (N L 5) to Plateau Village
-96.5737	-101.8250	-74.6474	19.5515	Town Network (W R 2) to Qalaba'r
-96.8918	-101.5891	40.5575	-82.9974	Town Network (S L 2) to Redspire
-96.4750	-101.5907	10.8427	59.3236	Town Network (N R 2) to Rithwic
-96.5733	-101.7835	-3.2423	18.9575	Town Network (W R 1) to Samsur
-96.8501	-101.5909	72.0679	-60.9037	Town Network (S L 1) to Sanamar
-96.7098	-101.3669	-29.1488	58.9117	Town Network (E R 5) to Sawato
-96.5734	-101.5333	-33.5375	72.8033	Town Network (E L 1) to Shoushi
-97.0165	-101.7267	87.3097	-70.8170	Town Network (S R 5) to Silyun
-96.3640	-101.6169	68.6583	-21.8250	Town Network (N R 5) to Stonehold
-96.7096	-101.5334	-30.4133	94.6858	Town Network (E R 1) to Tou-Tou
-96.6833	-101.9330	-14.7712	6.0583	Town Network (W L 5) to Tufa
-96.7105	-101.9089	-24.7836	28.4122	Town Network (W L 4) to Uziz
-96.9331	-101.5905	72.8083	-73.3629	Town Network (S L 3) to Westwatch
-96.5744	-101.8664	-41.9246	16.1013	Town Network (W R 3) to Xarabydun
-96.7098	-101.4086	-12.6329	42.3633	Town Network (E R 4) to Yanshi
-96.7091	-101.7833	-21.5142	-1.8171	Town Network (W L 1) to Yaraq
-96.5742	-101.9086	13.4820	0.7203	Town Network (W R 4) to Zaikhal
-100.5167	8.7833	-0.3632	90.7651	Facility Hub (N E) Tusker Barracks
